page,clics,impressions,position,ctr_pct,ctr_attendu_pct,ecart,gain_si_pos5
/sports-de-contact-et-laser/,27,736,15.0,3.67,1.0,3.66,37
/ozempic-mounjaro-yeux/,22,1531,6.9,1.44,3.6,0.4,37
/tarifs/,3,642,16.0,0.47,0.9,0.52,33
/en/prk-vs-femto-lasik/,2,640,10.8,0.31,1.89,0.17,26
/en/laser-eyes-pregnancy/,5,541,12.2,0.92,1.47,0.63,25
/rendez-vous/,8,624,8.6,1.28,2.71,0.47,21
/en/femto-lasik-vs-icl/,3,362,8.7,0.83,2.63,0.31,12
/femtolasik/,2,192,34.9,1.04,0.3,3.47,11
/pkr/,2,194,17.9,1.03,0.71,1.46,10
/pkr-vs-femtolasik/,1,179,19.6,0.56,0.6,0.93,10
/laser-yeux-grossesse/,3,252,8.3,1.19,2.85,0.42,8
/icl/,3,146,17.6,2.05,0.74,2.8,8
/en/icl/,2,130,18.9,1.54,0.61,2.54,7
/en/prelex/,1,155,11.3,0.65,1.71,0.38,7
/bilan/,5,134,12.3,3.73,1.44,2.59,6
/presbytie/,1,119,16.6,0.84,0.84,1.01,6
/myopie/,0,117,19.8,0.0,0.6,0.0,6
/nl/femto-lasik/,0,107,23.8,0.0,0.3,0.0,6
/en/hyperopia/,0,94,15.6,0.0,0.94,0.0,5
/en/myopia/,1,94,12.5,1.06,1.39,0.76,4
/en/dry-eye-and-refractive-surgery/,0,116,9.6,0.0,2.32,0.0,4
/cataracte/,0,83,19.0,0.0,0.6,0.0,4
/en/,6,169,6.2,3.55,4.33,0.82,3
/mentions-legales/,3,77,10.8,3.9,1.9,2.05,3
/en/appointment/,2,116,7.2,1.72,3.42,0.5,3
/en/cataract/,2,94,8.1,2.13,2.94,0.72,3
/en/preoperative-exam/,0,84,8.4,0.0,2.78,0.0,3
/ozempic-mounjaro-yeux/#peut-on-operer-un-patient-sous-ozempic-ou-mounja,0,79,8.5,0.0,2.75,0.0,3
/ozempic-mounjaro-yeux/#naion-et-semaglutide-ce-que-dit-la-litterature-e,0,78,8.5,0.0,2.76,0.0,3
/femtolasik-vs-icl/,0,71,12.8,0.0,1.34,0.0,3
/,70,967,5.1,7.24,5.83,1.24,2
/astigmatisme/,4,62,9.1,6.45,2.47,2.61,2
/nl/afspraak/,1,66,8.3,1.52,2.87,0.53,2
/ozempic-mounjaro-yeux/#le-phenomene-daggravation-precoce-early-worsenin,0,72,8.7,0.0,2.67,0.0,2
/ozempic-mounjaro-yeux/#fluctuations-de-la-vue-a-linitiation-du-traiteme,0,71,8.6,0.0,2.69,0.0,2
/nl/,14,93,3.7,15.05,8.81,1.71,-3
