Requêtes les plus fréquentes,Clics,Impressions,CTR,Position
serdal sanak,17,185,9.19%,3.96
dr sanak,5,55,9.09%,4.51
dr serdal sanak,5,28,17.86%,3.61
dr serdal sanak avis,2,31,6.45%,7.81
staar surgical,2,3,66.67%,6.67
sanak serdal,1,33,3.03%,4.15
mounjaro et perte de vue,1,12,8.33%,8.75
mounjaro vue,1,12,8.33%,9.25
mounjaro yeux,1,11,9.09%,7.27
implant icl staar,1,4,25%,20
prelex,0,83,0%,14.01
prk vs femto lasik,0,83,0%,22.29
meilleur spécialiste en chirurgie de la presbytie à bruxelles,0,66,0%,10.38
femto lasik,0,62,0%,35.87
augen lasern kampfsport,0,60,0%,87.55
opération myopie bruxelles,0,57,0%,37.89
femtolasik,0,53,0%,29.34
lasik sport de combat,0,43,0%,12.37
opération myopie prix belgique,0,43,0%,30.12
sanak,0,40,0%,6.72
trans prk vs femto lasik,0,40,0%,25.88
femto lasik operation,0,39,0%,43.41
naion mounjaro,0,30,0%,7.5
implant myopique bruxelles,0,28,0%,15.18
mounjaro perte de vue,0,25,0%,8.52
droge ogen operatie,0,25,0%,74.72
femto lasik vs prk,0,23,0%,12.96
femto-lasik,0,23,0%,25.83
chirurgie cataracte bruxelles,0,20,0%,22.55
mounjaro effets secondaires yeux,0,18,0%,6.5
prk vs femto lasik which is better,0,17,0%,7.88
ozempic yeux,0,16,0%,9.38
pkr laser,0,16,0%,58.06
lasik femto,0,15,0%,47.53
opération femto-lasik,0,11,0%,38.45
presbyopie behandeling,0,10,0%,27.8
chirurgie femtolasik,0,9,0%,40.44
lasik femtoseconde,0,9,0%,57
mounjaro vision,0,8,0%,8.62
femtolasik vs prk,0,8,0%,9
ögonlaser gravid,0,8,0%,25.75
prix chirurgie refractive,0,8,0%,27.5
prelexin,0,7,0%,8.29
difference between femto lasik and prk,0,7,0%,8.71
opération laser yeux bruxelles prix,0,7,0%,9
prk,0,7,0%,17.86
operation yeux belgique prix,0,7,0%,22.43
opération lasik femtoseconde,0,7,0%,46.29
myopie et grossesse,0,7,0%,48.57
prk lasek,0,7,0%,75.86
mounjaro effet secondaire yeux,0,6,0%,7.5
serdal,0,6,0%,8.17
femto laser,0,6,0%,26.5
icl operation myopie,0,6,0%,26.67
forte myopie et boxe,0,6,0%,28
opération yeux laser remboursement belgique,0,6,0%,49.67
prix opération des yeux,0,6,0%,55.33
ozempic et vue,0,5,0%,9.2
chirurgie laser bruxelles,0,5,0%,17.8
chirurgie pkr,0,5,0%,18.4
myopie boxe,0,5,0%,24.4
opération des yeux prix,0,5,0%,54.4
cataract brussel,0,4,0%,11
cycloplegische refractie,0,4,0%,11
pkr chirurgie,0,4,0%,19.25
presbyopen,0,4,0%,29
opération femtolasik,0,4,0%,30.25
presbyopie betekenis,0,4,0%,36.25
combien coûte une opération des yeux,0,4,0%,54.5
laser ptk,0,4,0%,73.75
ptk ophtalmologie,0,4,0%,81
hypermetropie,0,4,0%,82.25
lentille icl,0,4,0%,89.25
laser eye surgery pregnancy,0,4,0%,91
"""staar surgical""",0,3,0%,7.67
prk vs femto,0,3,0%,8.33
myopisering,0,3,0%,9.33
perte de vue mounjaro,0,3,0%,9.33
mounjaro et probleme de vue,0,3,0%,10.33
difference between prk and femto lasik,0,3,0%,10.67
chirurgie lasik prix,0,3,0%,12
hyperopia consultation cost,0,3,0%,13.33
opération myopie et presbytie prix,0,3,0%,13.67
prk vs femtolasik,0,3,0%,14.33
hoeveel kost een femto-lasik-techniek behandeling,0,3,0%,31.67
laser des yeux risques,0,3,0%,37.33
astigmate opération prix,0,3,0%,42.33
slimme bril presbyopie,0,3,0%,68.67
comment un astigmate voit,0,2,0%,1
lasik mma,0,2,0%,4.5
lasik boxing,0,2,0%,5
prelex surgery cost,0,2,0%,5
icl staar,0,2,0%,5.5
presbyoop,0,2,0%,6
mounjaro naion,0,2,0%,6.5
icl exam,0,2,0%,7
ozempic et glaucome,0,2,0%,8
fda lasik pregnancy breastfeeding contraindication,0,2,0%,10
femto lasik vs lasik,0,2,0%,10
ozempic perte vue,0,2,0%,10
opération yeux myopie prix belgique,0,2,0%,10.5
femto vs prk,0,2,0%,11.5
hyperopia lapsella,0,2,0%,17
opération laser yeux belgique prix,0,2,0%,17.5
chirurgie laser yeux bruxelles-ville,0,2,0%,19.5
hyperopia treatment price,0,2,0%,20
hyperopia institute cost,0,2,0%,21
ophtalmologue spécialisé en chirurgie réfractive à bruxelles,0,2,0%,26
hyperopia institute price,0,2,0%,28
chirurgie laser region de bruxelles,0,2,0%,28.5
femto side profile,0,2,0%,33
femto phako laser,0,2,0%,33.5
femto lasik lasik,0,2,0%,37
implant oculaire prix,0,2,0%,49
evo icl plano,0,2,0%,51.5
operation laser des yeux prix,0,2,0%,52
opération laser yeux prix,0,2,0%,54
opération myopie prix,0,2,0%,54.5
opération des yeux laser prix,0,2,0%,55.5
opération pour les yeux au laser prix,0,2,0%,56.5
opération des yeux au laser prix,0,2,0%,57
prix opération laser yeux,0,2,0%,57.5
prix opération yeux laser,0,2,0%,57.5
myopie opération prix,0,2,0%,59
opération yeux prix,0,2,0%,62.5
opération yeux laser prix,0,2,0%,65.5
hyperopie def,0,2,0%,70.5
когда можно беременеть после лазерной коррекции зрения,0,2,0%,72.5
hypermetropie betekenis,0,2,0%,79.5
laser eye surgery pregnant,0,2,0%,81
laser eye surgery and pregnancy,0,2,0%,85.5
lasik eye surgery and pregnancy,0,2,0%,91.5
can you have laser eye surgery while pregnant,0,2,0%,95.5
can you get laser eye surgery while pregnant,0,2,0%,98.5
lasik eye surgery pregnant,0,2,0%,98.5
pregnancy and lasik surgery,0,2,0%,99
a bruxelles,0,1,0%,1
astigmatisme operatie,0,1,0%,1
brussels,0,1,0%,1
chi phí,0,1,0%,1
comment voit un astigmate,0,1,0%,1
corneal,0,1,0%,1
j'habite en belgique,0,1,0%,1
les deux,0,1,0%,1
perte de poid,0,1,0%,1
presbyond,0,1,0%,1
risiken und kosten,0,1,0%,1
yeux,0,1,0%,1
الاسعار,0,1,0%,1
1 an 1/2,0,1,0%,2
astigmate,0,1,0%,2
astigmate cause,0,1,0%,2
cataracte,0,1,0%,2
icl operacija,0,1,0%,2
kan dit geopereerd worden,0,1,0%,2
oeil astigmate schéma,0,1,0%,2
pathologie retine,0,1,0%,2
traits rouges dans les yeux,0,1,0%,2
y con el embarazo?,0,1,0%,2
yeux très secs,0,1,0%,2
מה ההבדל,0,1,0%,2
2 ans,0,1,0%,3
astigmatisme,0,1,0%,3
in het pools vertalen,0,1,0%,3
les yeux qui coule,0,1,0%,3
perelex,0,1,0%,3
pkr operation,0,1,0%,3
prendre un rendez-vous,0,1,0%,3
quel medicament?,0,1,0%,3
tarifs,0,1,0%,3
ближайшая дата,0,1,0%,3
ايهما افضل,0,1,0%,3
بالدرهم المغربي,0,1,0%,3
سبع ايام,0,1,0%,3
هل الليزر يؤثر على الحمل,0,1,0%,3
belgium,0,1,0%,4
ca fait mal ?,0,1,0%,4
give me the resources,0,1,0%,4
rukeropie,0,1,0%,4
rv,0,1,0%,4
télen?,0,1,0%,4
מה עדיף?,0,1,0%,4
عدسات icl,0,1,0%,4
arjeqy,0,1,0%,5
astigmatisme et myopie,0,1,0%,5
dr sank,0,1,0%,5
high myopi,0,1,0%,5
mounjaro cecite,0,1,0%,5
prix belgique,0,1,0%,5
should i get it done,0,1,0%,5
والليزر,0,1,0%,5
g bata do,0,1,0%,6
hyperopia surgery cost,0,1,0%,6
mounjaro glaucoma,0,1,0%,6
perte de poids oui,0,1,0%,6
prix opération myopie belgique,0,1,0%,6
que faire pour aider,0,1,0%,6
الفرق بينهم ؟,0,1,0%,6
delta ophthalmology,0,1,0%,7
מה זה יכול להיות,0,1,0%,7
cout chirurgie refractive,0,1,0%,8
femto lasik prix,0,1,0%,8
implant icl prix,0,1,0%,9
pkr after:2026-05-21,0,1,0%,9
نعم,0,1,0%,9
claire sanak,0,1,0%,10
evo icl prix,0,1,0%,10
examen de la cornée,0,1,0%,10
lasik,0,1,0%,10
opération hypermétropie prix,0,1,0%,10
ozempic et yeux,0,1,0%,10
prix lasik,0,1,0%,10
prk surgeons near me,0,1,0%,10
astigmatism operatie,0,1,0%,11
femto lasik vs trans prk,0,1,0%,11
lasik cout,0,1,0%,11
oog laseren,0,1,0%,11
opération yeux belgique prix,0,1,0%,11
prix chirurgie refractive yeux,0,1,0%,11
prix opération yeux laser belgique,0,1,0%,11
chirurgie yeux laser prix,0,1,0%,12
operation des yeux pour la vue prix belgique,0,1,0%,12
laser eye surgery brussels,0,1,0%,13
prk lasik,0,1,0%,14
operation laser myopie prix,0,1,0%,16
ozempic et perte de la vue,0,1,0%,16
compare,0,1,0%,17
how do people with astigmatism see,0,1,0%,20
laser femto,0,1,0%,20
myopie operation prix,0,1,0%,20
staar icl,0,1,0%,22
hyperopia program price,0,1,0%,23
prelex eye surgery,0,1,0%,23
hyperopia program cost,0,1,0%,24
icl,0,1,0%,26
prelex cost,0,1,0%,26
femtosecond lasik,0,1,0%,27
laser femtosecond,0,1,0%,27
operation astigmate,0,1,0%,29
presbyte et hypermetrope,0,1,0%,29
icl ophtalmologie,0,1,0%,30
myope astigmate,0,1,0%,30
hyperopia treatment cost,0,1,0%,32
delta ophtalmologie,0,1,0%,33
hypermetropie in english,0,1,0%,33
astigmatisme laser,0,1,0%,35
femto lasik procedure,0,1,0%,35
metoda prk,0,1,0%,35
serdal can,0,1,0%,35
cataract surgery sante fe,0,1,0%,36
laserleikkaus raskaus,0,1,0%,37
neuroadaptatie,0,1,0%,38
chirurgie laser yeux schaerbeek,0,1,0%,39
palak clinic,0,1,0%,40
laser femtolasik,0,1,0%,43
miebo effectiveness cataract lasik prk,0,1,0%,43
ogen laseren tijdens zwangerschap,0,1,0%,45
ögonlaser risker,0,1,0%,45
myopie chirurgie,0,1,0%,47
staar surgical nidau,0,1,0%,48
operation laser des yeux bruxelles,0,1,0%,49
prix operation yeux laser,0,1,0%,49
opération myopie belgique,0,1,0%,50
prix implant oculaire,0,1,0%,50
opération des yeux myopie prix,0,1,0%,52
premium bril oplossing presbyopie,0,1,0%,52
operation forte myopie,0,1,0%,54
opération cataracte raté,0,1,0%,56
prix operation yeux,0,1,0%,57
chirurgie réfractive,0,1,0%,58
icl operatie,0,1,0%,58
icl surgery day after near vision blurry cycloplegic drops,0,1,0%,58
через сколько после лазерной коррекции зрения можно беременеть,0,1,0%,64
prk surgery while pregnant,0,1,0%,65
icl lens manufacturers,0,1,0%,69
evo icl logo,0,1,0%,71
operation myopie,0,1,0%,72
prk methode,0,1,0%,72
можно ли беременеть после лазерной коррекции зрения,0,1,0%,72
lasik before pregnancy,0,1,0%,74
correction myopie,0,1,0%,75
opération pour la myopie,0,1,0%,77
operation pour myopie,0,1,0%,78
evo icl san marino,0,1,0%,80
nastigmatism,0,1,0%,81
can you get laser eye surgery when pregnant,0,1,0%,82
myopie opération,0,1,0%,84
opération myopie,0,1,0%,85
implant torique astigmatisme genève,0,1,0%,87
femtolasik marseille prix,0,1,0%,89
pkr taux de réussite,0,1,0%,91
astigmatiker,0,1,0%,93
can you get lasik while pregnant,0,1,0%,93
"i'm focused on surgical procedures; cataract, lasik, prk etc are there any 
clinical studies or user reviews that highlight miebo's effectiveness in 
treating corneal surface issues related to dry eye disease?",0,1,0%,93
femto lasek,0,1,0%,94
prelex presbytie,0,1,0%,94
prix opération myopie,0,1,0%,94
laser ptk cornea,0,1,0%,95
"i'm focused on surgical procedures; cataract, lasik, prk etc how does the 
effectiveness of miebo compare to other treatments in the prescribing 
patterns of eye care professionals?",0,1,0%,96
lasik and pregnancy,0,1,0%,96
myopie c'est quoi,0,1,0%,97
lasik eye surgery pregnancy,0,1,0%,98