Pages les plus populaires,Clics,Impressions,CTR,Position
https://docteursanak.com/,70,967,7.24%,5.11
https://docteursanak.com/sports-de-contact-et-laser/,27,736,3.67%,14.99
https://docteursanak.com/ozempic-mounjaro-yeux/,22,1531,1.44%,6.9
https://docteursanak.com/nl/,14,93,15.05%,3.73
https://docteursanak.com/rendez-vous/,8,624,1.28%,8.58
https://docteursanak.com/en/,6,169,3.55%,6.17
https://docteursanak.com/en/laser-eyes-pregnancy/,5,541,0.92%,12.16
https://docteursanak.com/bilan/,5,134,3.73%,12.31
https://docteursanak.com/astigmatisme/,4,62,6.45%,9.1
https://docteursanak.com/tarifs/,3,642,0.47%,16
https://docteursanak.com/en/femto-lasik-vs-icl/,3,362,0.83%,8.73
https://docteursanak.com/laser-yeux-grossesse/,3,252,1.19%,8.3
https://docteursanak.com/icl/,3,146,2.05%,17.65
https://docteursanak.com/mentions-legales/,3,77,3.9%,10.75
https://docteursanak.com/nl/laser-ogen-zwangerschap/,3,37,8.11%,7.08
https://docteursanak.com/en/prk-vs-femto-lasik/,2,640,0.31%,10.78
https://docteursanak.com/pkr/,2,194,1.03%,17.93
https://docteursanak.com/femtolasik/,2,192,1.04%,34.94
https://docteursanak.com/en/icl/,2,130,1.54%,18.95
https://docteursanak.com/en/appointment/,2,116,1.72%,7.17
https://docteursanak.com/en/cataract/,2,94,2.13%,8.12
https://docteursanak.com/secheresse-oculaire-et-chirurgie-refractive/,2,58,3.45%,9.86
https://docteursanak.com/nl/prk-vs-femto-lasik/,2,39,5.13%,8.69
https://docteursanak.com/nl/vooronderzoek/,2,14,14.29%,8.93
https://docteursanak.com/pkr-vs-femtolasik/,1,179,0.56%,19.6
https://docteursanak.com/en/prelex/,1,155,0.65%,11.29
https://docteursanak.com/presbytie/,1,119,0.84%,16.65
https://docteursanak.com/en/myopia/,1,94,1.06%,12.54
https://docteursanak.com/nl/afspraak/,1,66,1.52%,8.26
https://docteursanak.com/myopie/,0,117,0%,19.82
https://docteursanak.com/en/dry-eye-and-refractive-surgery/,0,116,0%,9.61
https://docteursanak.com/nl/femto-lasik/,0,107,0%,23.82
https://docteursanak.com/en/hyperopia/,0,94,0%,15.57
https://docteursanak.com/en/preoperative-exam/,0,84,0%,8.45
https://docteursanak.com/cataracte/,0,83,0%,19.01
https://docteursanak.com/ozempic-mounjaro-yeux/#peut-on-operer-un-patient-sous-ozempic-ou-mounja,0,79,0%,8.51
https://docteursanak.com/ozempic-mounjaro-yeux/#naion-et-semaglutide-ce-que-dit-la-litterature-e,0,78,0%,8.47
https://docteursanak.com/ozempic-mounjaro-yeux/#le-phenomene-daggravation-precoce-early-worsenin,0,72,0%,8.67
https://docteursanak.com/ozempic-mounjaro-yeux/#fluctuations-de-la-vue-a-linitiation-du-traiteme,0,71,0%,8.63
https://docteursanak.com/femtolasik-vs-icl/,0,71,0%,12.8
https://docteursanak.com/en/laser-risks/,0,55,0%,10.45
https://docteursanak.com/nl/prelex/,0,54,0%,9.61
https://docteursanak.com/en/presbyopia/,0,53,0%,7.04
https://docteursanak.com/risques-laser/,0,50,0%,11.6
https://docteursanak.com/nl/droge-ogen-en-refractieve-chirurgie/,0,50,0%,42.5
https://docteursanak.com/nl/icl/,0,42,0%,7.31
https://docteursanak.com/en/femto-lasik/,0,37,0%,14.57
https://docteursanak.com/prelex/,0,35,0%,15.34
https://docteursanak.com/en/astigmatism/,0,34,0%,10.44
https://docteursanak.com/nl/presbyopie/,0,33,0%,23.36
https://docteursanak.com/en/prk/,0,29,0%,25.45
https://docteursanak.com/nl/laser-risicos/,0,28,0%,8.64
https://docteursanak.com/nl/femto-lasik-vs-icl/,0,28,0%,12.29
https://docteursanak.com/hypermetropie/,0,27,0%,12.52
https://docteursanak.com/nl/astigmatisme/,0,26,0%,14.04
https://docteursanak.com/nl/prk/,0,25,0%,12.88
https://docteursanak.com/nl/bijziendheid/,0,24,0%,15.62
https://docteursanak.com/nl/verziendheid/,0,24,0%,31.62
https://docteursanak.com/en/consultation-locations/,0,22,0%,7.91
https://docteursanak.com/nl/staaroperatie/,0,18,0%,14.33
https://docteursanak.com/confidentialite/,0,17,0%,23.71
https://docteursanak.com/nl/wettelijke-vermeldingen/,0,15,0%,19
https://docteursanak.com/en/legal/,0,15,0%,24.73
https://docteursanak.com/en/privacy/,0,14,0%,26.14
https://docteursanak.com/nl/privacy/,0,5,0%,43.2
https://docteursanak.com/sports-de-combat-et-laser/,0,1,0%,1